{"stats":{"minecraft:killed":{"minecraft:cow":1},"minecraft:mined":{"minecraft:grass":4,"minecraft:grass_block":1,"minecraft:acacia_leaves":1},"minecraft:picked_up":{"minecraft:beef":1,"minecraft:dirt":1},"minecraft:used":{"minecraft:dirt":1},"minecraft:custom":{"minecraft:jump":96,"minecraft:open_chest":3,"minecraft:time_since_rest":6641,"minecraft:damage_dealt":140,"minecraft:leave_game":3,"minecraft:crouch_one_cm":99,"minecraft:play_time":6641,"minecraft:sprint_one_cm":10567,"minecraft:damage_taken":70,"minecraft:time_since_death":6641,"minecraft:walk_one_cm":5848,"minecraft:sneak_time":8,"minecraft:total_world_time":6641,"minecraft:mob_kills":1,"minecraft:fall_one_cm":3566,"minecraft:fly_one_cm":33292}},"DataVersion":3465}