{"stats":{"minecraft:picked_up":{"minecraft:beef":1,"minecraft:dirt":1},"minecraft:custom":{"minecraft:jump":93,"minecraft:open_chest":3,"minecraft:time_since_rest":4206,"minecraft:leave_game":1,"minecraft:damage_dealt":100,"minecraft:crouch_one_cm":99,"minecraft:sprint_one_cm":9449,"minecraft:play_time":4206,"minecraft:damage_taken":70,"minecraft:time_since_death":4206,"minecraft:walk_one_cm":4523,"minecraft:sneak_time":8,"minecraft:total_world_time":4206,"minecraft:mob_kills":1,"minecraft:fall_one_cm":3566,"minecraft:fly_one_cm":28484},"minecraft:used":{"minecraft:dirt":1},"minecraft:killed":{"minecraft:cow":1},"minecraft:mined":{"minecraft:grass":4,"minecraft:grass_block":1,"minecraft:acacia_leaves":1}},"DataVersion":3465}