{"stats":{"minecraft:killed":{"minecraft:cow":2},"minecraft:mined":{"minecraft:grass":8,"minecraft:fire":2},"minecraft:picked_up":{"minecraft:beef":2,"minecraft:cooked_beef":2,"minecraft:leather":1,"minecraft:wheat_seeds":4},"minecraft:used":{"minecraft:cooked_beef":1,"minecraft:flint_and_steel":2},"minecraft:custom":{"minecraft:jump":45,"minecraft:open_chest":1,"minecraft:time_since_rest":2266,"minecraft:damage_dealt":150,"minecraft:leave_game":1,"minecraft:sprint_one_cm":6499,"minecraft:play_time":2266,"minecraft:damage_taken":56,"minecraft:time_since_death":2266,"minecraft:walk_one_cm":7826,"minecraft:sneak_time":1,"minecraft:total_world_time":2266,"minecraft:mob_kills":2,"minecraft:fall_one_cm":627,"minecraft:fly_one_cm":5733}},"DataVersion":3465}